Year,Month,DPM_t_C_ha,RPM_t_C_ha,BIO_t_C_ha,HUM_t_C_ha,IOM_t_C_ha,SOC_t_C_ha,deltaC
1,8076,0.1675777224231207,2.2768550946448625,0.316663115915857,11.986673005709225,3.2385119089292025,17.986280847622268,-184.16334437473859
2025,12,0.1675777224231207,2.2768550946448625,0.31666311254941426,11.986672042626688,3.2385119089292025,17.98627988117329,-184.16335047886523
2026,12,0.1675777224231207,2.2768550946448625,0.31666310924660246,11.986671097748026,3.2385119089292025,17.986278932991812,-184.1633564615166
2027,12,0.1675777224231207,2.2768550946448625,0.31666310600621983,11.986670170729143,3.2385119089292025,17.986278002732547,-184.16336232510466
2028,12,0.1675777224231207,2.2768550946448625,0.31666310282708543,11.986669261232471,3.2385119089292025,17.986277090056742,-184.16336807199352
2029,12,0.1675777224231207,2.2768550946448625,0.31666309970804213,11.98666836892681,3.2385119089292025,17.986276194632037,-184.1633737045012
2030,12,0.1675777224231207,2.2768550946448625,0.3166630966479542,11.986667493487216,3.2385119089292025,17.986275316132357,-184.16337922489845
2031,12,0.1675777224231207,2.2768550946448625,0.31666309364570683,11.986666634594899,3.2385119089292025,17.98627445423779,-184.16338463541237
2032,12,0.1675777224231207,2.2768550946448625,0.31666309070020693,11.98666579193708,3.2385119089292025,17.986273608634473,-184.16338993822524
2033,12,0.1675777224231207,2.2768550946448625,0.31666308781038177,11.986664965206904,3.2385119089292025,17.98627277901447,-184.16339513547507
2034,12,0.1675777224231207,2.2768550946448625,0.3166630849751791,11.986664154103314,3.2385119089292025,17.986271965075677,-184.16340022925914
2035,12,0.1675777224231207,2.2768550946448625,0.3166630821935668,11.986663358330938,3.2385119089292025,17.98627116652169,-184.16340522163298
2036,12,0.1675777224231207,2.2768550946448625,0.3166630794645317,11.986662577599988,3.2385119089292025,17.986270383061704,-184.16341011461157
2037,12,0.1675777224231207,2.2768550946448625,0.31666307678707944,11.986661811626167,3.2385119089292025,17.986269614410432,-184.1634149101682
2038,12,0.1675777224231207,2.2768550946448625,0.31666307416023604,11.986661060130524,3.2385119089292025,17.986268860287947,-184.16341961023886
2039,12,0.1675777224231207,2.2768550946448625,0.3166630715830442,11.986660322839409,3.2385119089292025,17.986268120419638,-184.16342421671982
2040,12,0.1675777224231207,2.2768550946448625,0.3166630690545656,11.986659599484334,3.2385119089292025,17.986267394536085,-184.16342873147195
2041,12,0.1675777224231207,2.2768550946448625,0.3166630665738796,11.986658889801877,3.2385119089292025,17.986266682372943,-184.16343315631556
2042,12,0.1675777224231207,2.2768550946448625,0.31666306414008244,11.986658193533604,3.2385119089292025,17.986265983670872,-184.16343749303832
2043,12,0.1675777224231207,2.2768550946448625,0.3166630617522885,11.98665751042597,3.2385119089292025,17.986265298175443,-184.16344174339184
2044,12,0.1675777224231207,2.2768550946448625,0.3166630594096275,11.986656840230212,3.2385119089292025,17.986264625637023,-184.16344590909128
2045,12,0.1675777224231207,2.2768550946448625,0.3166630571112467,11.986656182702273,3.2385119089292025,17.986263965810704,-184.16344999181845
2046,12,0.1675777224231207,2.2768550946448625,0.3166630548563091,11.986655537602715,3.2385119089292025,17.98626331845621,-184.16345399322265
2047,12,0.1675777224231207,2.2768550946448625,0.31666305264399364,11.986654904696621,3.2385119089292025,17.9862626833378,-184.16345791492006
2048,12,0.1675777224231207,2.2768550946448625,0.3166630504734952,11.986654283753506,3.2385119089292025,17.986262060224185,-184.16346175849486
2049,12,0.1675777224231207,2.2768550946448625,0.3166630483440225,11.986653674547256,3.2385119089292025,17.986261448888463,-184.16346552550021
2050,12,0.1675777224231207,2.2768550946448625,0.3166630462548,11.986653076856019,3.2385119089292025,17.986260849108003,-184.16346921745685
2051,12,0.1675777224231207,2.2768550946448625,0.3166630442050675,11.98665249046215,3.2385119089292025,17.9862602606644,-184.16347283585722
2052,12,0.1675777224231207,2.2768550946448625,0.3166630421940784,11.986651915152107,3.2385119089292025,17.98625968334337,-184.16347638216322
2053,12,0.1675777224231207,2.2768550946448625,0.3166630402211006,11.986651350716386,3.2385119089292025,17.986259116934672,-184.163479857808
2054,12,0.1675777224231207,2.2768550946448625,0.31666303828541525,11.986650796949446,3.2385119089292025,17.986258561232045,-184.1634832641964
2055,12,0.1675777224231207,2.2768550946448625,0.3166630363863174,11.986650253649618,3.2385119089292025,17.98625801603312,-184.16348660270444
2056,12,0.1675777224231207,2.2768550946448625,0.3166630345231159,11.98664972061907,3.2385119089292025,17.986257481139372,-184.16348987468245
2057,12,0.1675777224231207,2.2768550946448625,0.3166630326951321,11.98664919766369,3.2385119089292025,17.986256956356005,-184.16349308145297
2058,12,0.1675777224231207,2.2768550946448625,0.3166630309016997,11.986648684593048,3.2385119089292025,17.986256441491932,-184.16349622431215
2059,12,0.1675777224231207,2.2768550946448625,0.31666302914216643,11.986648181220295,3.2385119089292025,17.986255936359647,-184.16349930453114
2060,12,0.1675777224231207,2.2768550946448625,0.3166630274158917,11.986647687362131,3.2385119089292025,17.986255440775206,-184.16350232335532
2061,12,0.1675777224231207,2.2768550946448625,0.3166630257222463,11.986647202838713,3.2385119089292025,17.986254954558145,-184.16350528200542
2062,12,0.1675777224231207,2.2768550946448625,0.3166630240606133,11.9866467274736,3.2385119089292025,17.986254477531396,-184.16350818167825
2063,12,0.1675777224231207,2.2768550946448625,0.316663022430388,11.986646261093682,3.2385119089292025,17.986254009521254,-184.16351102354645
2064,12,0.1675777224231207,2.2768550946448625,0.31666302083097675,11.986645803529123,3.2385119089292025,17.986253550357286,-184.16351380876029
2065,12,0.1675777224231207,2.2768550946448625,0.31666301926179735,11.986645354613302,3.2385119089292025,17.986253099872282,-184.16351653844544
